73ec5b8f1ccf541109cc920737a606e64dd4f772,DELETE,regular-file,README.md,767,
29c2b67a1dc0ce64cb2afe25baf5f3649cb1e294,DELETE,regular-file,server/thirdparty/json-develop/.reuse/README.md,275,
d74aa7b1f8150f97cffe661a4f2fa41a9caa2226,DELETE,regular-file,server/thirdparty/json-develop/README.md,108896,
b39d54e0558c626bbd3aa0970cd5fb26c9eb33ac,DELETE,regular-file,server/thirdparty/json-develop/docs/README.md,796,
79a778eb8f7ee62d0185279d76d210f90a9b25f6,DELETE,regular-file,server/thirdparty/json-develop/docs/docset/README.md,699,
859c313303d97a99d5ade182f709a824188317b0,DELETE,regular-file,server/thirdparty/json-develop/tests/reports/2016-09-09-nativejson_benchmark/README.md,994,
975ca0bdf81441be4913f612ea328303bad71339,DELETE,regular-file,server/thirdparty/json-develop/tools/amalgamate/README.md,2373,
c1a3651d4f2608547bf5265831b3c3d3ff31ec34,DELETE,regular-file,server/thirdparty/json-develop/tools/gdb_pretty_printer/README.md,2759,
b4d3a7d7f10112f36f24bf1041096fc85ddc575f,DELETE,regular-file,server/thirdparty/json-develop/tools/generate_natvis/README.md,203,
a95ef20e2630a56a0561c83f1bdc4b74ad0acb5e,DELETE,regular-file,server/thirdparty/json-develop/tools/serve_header/README.md,3929,
